{
  "garage_sign_right": {
    "Name": "garage_sign_right",
    "Archetype": "garage_sign_right.json",
    "Components": {
      "Transform": {
        "position": [ 101.21647644042969, -1.9073486328125e-06, 236.0254364013672 ],
        "orientation": [ 0.0, -148.51160350114694, 0.0 ],
        "scale": [ 3.2885050773620605, 3.2885050773620605, 3.2885050773620605 ]
      }
,
      "RigidBody": {
        "position": [ 101.21647644042969, -1.9073486328125e-06, 236.0254364013672 ],
        "orientation": [ 0.0, -148.51160350114694, 0.0 ]
      }
    }
  },
  "garage_sign_right.001": {
    "Name": "garage_sign_right.001",
    "Archetype": "garage_sign_right.json",
    "Components": {
      "Transform": {
        "position": [ 12.613861083984375, -1.9073486328125e-06, 104.58839416503906 ],
        "orientation": [ 0.0, -129.73184811403516, 0.0 ],
        "scale": [ 3.2885050773620605, 3.2885050773620605, 3.2885050773620605 ]
      }
,
      "RigidBody": {
        "position": [ 12.613861083984375, -1.9073486328125e-06, 104.58839416503906 ],
        "orientation": [ 0.0, -129.73184811403516, 0.0 ]
      }
    }
  },
  "garage_sign_right.002": {
    "Name": "garage_sign_right.002",
    "Archetype": "garage_sign_right.json",
    "Components": {
      "Transform": {
        "position": [ -54.12466812133789, -1.9073486328125e-06, 143.3564453125 ],
        "orientation": [ 0.0, -129.73184811403516, 0.0 ],
        "scale": [ 3.2885050773620605, 3.2885050773620605, 3.2885050773620605 ]
      }
,
      "RigidBody": {
        "position": [ -54.12466812133789, -1.9073486328125e-06, 143.3564453125 ],
        "orientation": [ 0.0, -129.73184811403516, 0.0 ]
      }
    }
  },
  "garage_sign_right.003": {
    "Name": "garage_sign_right.003",
    "Archetype": "garage_sign_right.json",
    "Components": {
      "Transform": {
        "position": [ 115.62579345703125, 1.9073486328125e-06, 101.96785736083984 ],
        "orientation": [ 0.0, -129.73184811403516, 0.0 ],
        "scale": [ 3.2885050773620605, 3.2885050773620605, 3.2885050773620605 ]
      }
,
      "RigidBody": {
        "position": [ 115.62579345703125, 1.9073486328125e-06, 101.96785736083984 ],
        "orientation": [ 0.0, -129.73184811403516, 0.0 ]
      }
    }
  },
  "garage_sign_right.004": {
    "Name": "garage_sign_right.004",
    "Archetype": "garage_sign_right.json",
    "Components": {
      "Transform": {
        "position": [ -45.864627838134766, 5.602836608886719e-06, 211.89871215820312 ],
        "orientation": [ 0.0, -129.73184811403516, 0.0 ],
        "scale": [ 3.2885050773620605, 3.2885050773620605, 3.2885050773620605 ]
      }
,
      "RigidBody": {
        "position": [ -45.864627838134766, 5.602836608886719e-06, 211.89871215820312 ],
        "orientation": [ 0.0, -129.73184811403516, 0.0 ]
      }
    }
  },
  "garage_sign_right.005": {
    "Name": "garage_sign_right.005",
    "Archetype": "garage_sign_right.json",
    "Components": {
      "Transform": {
        "position": [ 2.2736077308654785, 5.602836608886719e-06, 269.4602355957031 ],
        "orientation": [ 0.0, -143.66808413425912, 0.0 ],
        "scale": [ 3.2885050773620605, 3.2885050773620605, 3.2885050773620605 ]
      }
,
      "RigidBody": {
        "position": [ 2.2736077308654785, 5.602836608886719e-06, 269.4602355957031 ],
        "orientation": [ 0.0, -143.66808413425912, 0.0 ]
      }
    }
  }
}
